strategy,target_parameters_millions,actual_parameters,hidden_size,num_layers,num_heads,intermediate_size,vocab_size,seq_len,world_size,local_batch_size,global_batch_size,precision,optimizer,steps,status,peak_memory_allocated,peak_memory_reserved,log_path
fsdp2,1200.0,1200439184,2576,12,8,7728,32000,128,2,1,2,fp32,adamw,1,PASS,12051895808,13434355712,results/raw/kaggle_fsdp2_vs_full_tp/capacity/logs/fsdp2_1200m.log
fsdp2,1300.0,1299596928,2688,12,8,8064,32000,128,2,1,2,fp32,adamw,1,PASS,13137131520,14417920000,results/raw/kaggle_fsdp2_vs_full_tp/capacity/logs/fsdp2_1300m.log
fsdp2,1350.0,1350643448,2744,12,8,8232,32000,128,2,1,2,fp32,adamw,1,PASS,13636603392,15133048832,results/raw/kaggle_fsdp2_vs_full_tp/capacity/logs/fsdp2_1350m.log
fsdp2,1400.0,1402668400,2800,12,8,8400,32000,128,2,1,2,fp32,adamw,1,PASS,14063142400,15353249792,results/raw/kaggle_fsdp2_vs_full_tp/capacity/logs/fsdp2_1400m.log
fsdp2,1450.0,1448039968,2848,12,8,8544,32000,128,2,1,2,fp32,adamw,1,PASS,14597335552,15393095680,results/raw/kaggle_fsdp2_vs_full_tp/capacity/logs/fsdp2_1450m.log
fsdp2,1500.0,1501882008,2904,12,8,8712,32000,128,2,1,2,fp32,adamw,1,OOM,0,0,results/raw/kaggle_fsdp2_vs_full_tp/capacity/logs/fsdp2_1500m.log
full_tp,1200.0,1200439184,2576,12,8,7728,32000,128,2,2,2,fp32,adamw,1,PASS,12056747008,12467568640,results/raw/kaggle_fsdp2_vs_full_tp/capacity/logs/full_tp_1200m.log
full_tp,1300.0,1299596928,2688,12,8,8064,32000,128,2,2,2,fp32,adamw,1,PASS,13173822464,13356761088,results/raw/kaggle_fsdp2_vs_full_tp/capacity/logs/full_tp_1300m.log
full_tp,1350.0,1350643448,2744,12,8,8232,32000,128,2,2,2,fp32,adamw,1,PASS,13693410304,14124318720,results/raw/kaggle_fsdp2_vs_full_tp/capacity/logs/full_tp_1350m.log
full_tp,1400.0,1402668400,2800,12,8,8400,32000,128,2,2,2,fp32,adamw,1,PASS,14071312384,14575206400,results/raw/kaggle_fsdp2_vs_full_tp/capacity/logs/full_tp_1400m.log
full_tp,1450.0,1448039968,2848,12,8,8544,32000,128,2,2,2,fp32,adamw,1,PASS,14614065152,15009316864,results/raw/kaggle_fsdp2_vs_full_tp/capacity/logs/full_tp_1450m.log
full_tp,1500.0,1501882008,2904,12,8,8712,32000,128,2,2,2,fp32,adamw,1,OOM,0,0,results/raw/kaggle_fsdp2_vs_full_tp/capacity/logs/full_tp_1500m.log
