step,loss,step_time,forward_time,backward_time,optimizer_time,tokens_per_second,samples_per_second,peak_memory_allocated,peak_memory_reserved,world_size,batch_size_per_process,global_batch_size,seq_len,num_parameters,warmup_steps,model_name,precision,optimizer,strategy,parallelism_family,communication
0,10.552734375,0.014381471633911133,0.005560544013977051,0.005429567813873291,0.0033913600444793702,17800.681774204437,139.06782636097216,276918784,316669952,1,2,2,128,9077888,5,tiny,fp32,adamw,single,single,none
1,10.531063079833984,0.015018848419189454,0.005612383842468262,0.006008831977844238,0.0033976318836212156,17045.248267697476,133.16600209138653,276918784,316669952,1,2,2,128,9077888,5,tiny,fp32,adamw,single,single,none
2,10.554872512817383,0.015440799713134766,0.005858240127563477,0.006213600158691406,0.003368959903717041,16579.452149893037,129.52696992103935,276918784,316669952,1,2,2,128,9077888,5,tiny,fp32,adamw,single,single,none
3,10.529047012329102,0.014394047737121583,0.005646175861358642,0.005337920188903809,0.00340995192527771,17785.12928922612,138.94632257207905,276918784,316669952,1,2,2,128,9077888,5,tiny,fp32,adamw,single,single,none
4,10.448562622070312,0.014225376129150391,0.0054720320701599125,0.005380191802978516,0.0033731520175933837,17996.0092215354,140.59382204324532,276918784,316669952,1,2,2,128,9077888,5,tiny,fp32,adamw,single,single,none
5,10.580265998840332,0.014712800025939941,0.005400415897369385,0.005953663825988769,0.003358720064163208,17399.815096286893,135.93605543974135,276918784,316669952,1,2,2,128,9077888,5,tiny,fp32,adamw,single,single,none
6,10.583866119384766,0.01421280002593994,0.005435391902923584,0.00542310380935669,0.0033543040752410888,18011.932872676145,140.71822556778238,276918784,316669952,1,2,2,128,9077888,5,tiny,fp32,adamw,single,single,none
7,10.56224250793457,0.014607168197631836,0.005399360179901123,0.005860447883605957,0.0033473598957061766,17525.641968133397,136.91907787604217,276918784,316669952,1,2,2,128,9077888,5,tiny,fp32,adamw,single,single,none
8,10.510516166687012,0.014245887756347657,0.005436639785766601,0.005380703926086426,0.003428544044494629,17970.098064680595,140.39139113031715,276918784,316669952,1,2,2,128,9077888,5,tiny,fp32,adamw,single,single,none
9,10.522500991821289,0.014391360282897949,0.005402719974517823,0.005638112068176269,0.0033505280017852783,17788.450498610546,138.9722695203949,276918784,316669952,1,2,2,128,9077888,5,tiny,fp32,adamw,single,single,none
10,10.58099365234375,0.014565728187561034,0.005653247833251953,0.005500895977020264,0.00341158390045166,17575.503037233735,137.30861747838856,276918784,316669952,1,2,2,128,9077888,5,tiny,fp32,adamw,single,single,none
11,10.492599487304688,0.014261343955993652,0.005543680191040039,0.005363967895507813,0.00335369610786438,17950.622381028137,140.23923735178232,276918784,316669952,1,2,2,128,9077888,5,tiny,fp32,adamw,single,single,none
12,10.545709609985352,0.014229503631591797,0.005437503814697266,0.005434239864349365,0.003357759952545166,17990.78918196687,140.55304048411617,276918784,316669952,1,2,2,128,9077888,5,tiny,fp32,adamw,single,single,none
13,10.523062705993652,0.014247360229492188,0.0054332160949707034,0.0054113597869873045,0.0034027841091156005,17968.240844369,140.3768815966328,276918784,316669952,1,2,2,128,9077888,5,tiny,fp32,adamw,single,single,none
14,10.507225036621094,0.014350687980651856,0.005527584075927734,0.005426047801971435,0.0033970561027526856,17838.866007340483,139.36614068234752,276918784,316669952,1,2,2,128,9077888,5,tiny,fp32,adamw,single,single,none
15,10.572310447692871,0.014990559577941895,0.006112544059753418,0.005472415924072265,0.003405600070953369,17077.414533390427,133.4173010421127,276918784,316669952,1,2,2,128,9077888,5,tiny,fp32,adamw,single,single,none
16,10.539113998413086,0.014166048049926758,0.0054395198822021484,0.005367231845855713,0.0033592960834503173,18071.377359285718,141.18263561941967,276918784,316669952,1,2,2,128,9077888,5,tiny,fp32,adamw,single,single,none
17,10.521689414978027,0.014416255950927735,0.005165023803710938,0.005839263916015625,0.003411967992782593,17757.73133269915,138.7322760367121,276918784,316669952,1,2,2,128,9077888,5,tiny,fp32,adamw,single,single,none
18,10.492722511291504,0.014921728134155274,0.00512550401687622,0.006436575889587402,0.0033596479892730713,17156.18979909074,134.0327328053964,276918784,316669952,1,2,2,128,9077888,5,tiny,fp32,adamw,single,single,none
19,10.584819793701172,0.014462976455688477,0.005152544021606445,0.0059025602340698246,0.003407871961593628,17700.367609968132,138.28412195287603,276918784,316669952,1,2,2,128,9077888,5,tiny,fp32,adamw,single,single,none
