step,loss,step_time,forward_time,backward_time,optimizer_time,tokens_per_second,samples_per_second,peak_memory_allocated,peak_memory_reserved,world_size,local_batch_size,global_batch_size,seq_len,num_parameters,model_name,precision,strategy
0,10.496223449707031,0.03469590377807617,0.012742367744445801,0.011634016036987304,0.010319519996643066,7378.392609036534,28.82184612904896,527263232,553648128,1,1,1,256,23335168,small,fp32,single
1,10.548236846923828,0.042616832733154295,0.009279680252075196,0.023711551666259767,0.00962559986114502,6007.016091574576,23.46490660771319,527263232,553648128,1,1,1,256,23335168,small,fp32,single
2,10.576367378234863,0.040897663116455076,0.009866368293762208,0.021645408630371094,0.00938588809967041,6259.526351690227,24.45127481128995,527263232,553648128,1,1,1,256,23335168,small,fp32,single
3,10.559099197387695,0.03647478485107422,0.013685664176940919,0.012774399757385254,0.01001471996307373,7018.547225027992,27.416200097765593,527263232,553648128,1,1,1,256,23335168,small,fp32,single
4,10.543582916259766,0.04400054550170898,0.015216927528381347,0.019375104904174805,0.009408512115478516,5818.109686618703,22.726990963354307,527263232,553648128,1,1,1,256,23335168,small,fp32,single
5,10.548431396484375,0.03436198425292969,0.008916607856750488,0.015504608154296875,0.009940768241882324,7450.093630089873,29.101928242538566,527263232,553648128,1,1,1,256,23335168,small,fp32,single
6,10.556154251098633,0.0490906867980957,0.009217151641845703,0.03012915229797363,0.009744383811950684,5214.8384285780785,20.37046261163312,527263232,553648128,1,1,1,256,23335168,small,fp32,single
7,10.553876876831055,0.03244358444213867,0.00957356834411621,0.013111295700073243,0.009758720397949219,7890.620114943273,30.82273482399716,527263232,553648128,1,1,1,256,23335168,small,fp32,single
8,10.528642654418945,0.06401888275146485,0.012837311744689942,0.04163209533691406,0.009549471855163574,3998.8201761322107,15.620391313016448,527263232,553648128,1,1,1,256,23335168,small,fp32,single
9,10.609283447265625,0.03407891082763672,0.012401856422424317,0.012174400329589843,0.009502655982971191,7511.977166605735,29.343660807053652,527263232,553648128,1,1,1,256,23335168,small,fp32,single
10,10.507417678833008,0.058229663848876956,0.008121248245239257,0.040825855255126955,0.009282560348510742,4396.384644506879,17.173377517604997,527263232,553648128,1,1,1,256,23335168,small,fp32,single
11,10.52428913116455,0.03090800094604492,0.007523007869720459,0.014171232223510742,0.009213760375976562,8282.645016314409,32.35408209497816,527263232,553648128,1,1,1,256,23335168,small,fp32,single
12,10.547920227050781,0.0425371208190918,0.020027551651000976,0.012636320114135742,0.009873248100280762,6018.2728654521525,23.50887838067247,527263232,553648128,1,1,1,256,23335168,small,fp32,single
13,10.557642936706543,0.048016353607177736,0.026046560287475585,0.01197657585144043,0.009993215560913087,5331.51688473345,20.82623783099004,527263232,553648128,1,1,1,256,23335168,small,fp32,single
14,10.507877349853516,0.04686931228637695,0.023860031127929688,0.01351904010772705,0.009490240097045898,5461.996080416333,21.3359221891263,527263232,553648128,1,1,1,256,23335168,small,fp32,single
15,10.536449432373047,0.05113174438476562,0.02650556755065918,0.015144960403442383,0.009481216430664062,5006.674485298287,19.557322208196435,527263232,553648128,1,1,1,256,23335168,small,fp32,single
16,10.511024475097656,0.05673852920532227,0.02783203125,0.018947071075439453,0.009959424018859863,4511.925204715852,17.624707830921295,527263232,553648128,1,1,1,256,23335168,small,fp32,single
17,10.51965045928955,0.053778785705566406,0.028656991958618164,0.015249407768249512,0.009872384071350097,4760.241359884452,18.594692812048642,527263232,553648128,1,1,1,256,23335168,small,fp32,single
18,10.5341796875,0.04004275131225586,0.014073087692260742,0.016252096176147462,0.009717568397521973,6393.167092932654,24.97330895676818,527263232,553648128,1,1,1,256,23335168,small,fp32,single
19,10.540857315063477,0.05002569580078125,0.026678495407104492,0.013502464294433594,0.009844736099243164,5117.370101546934,19.98972695916771,527263232,553648128,1,1,1,256,23335168,small,fp32,single
